{"cameraMode":{"drawMode":0,"name":"Shaded","section":"Shading Mode"},"sceneLighting":true,"audioPlay":false,"sceneViewState":{"m_AlwaysRefresh":false,"showFog":true,"showSkybox":true,"showFlares":true,"showImageEffects":true,"showParticleSystems":true,"showVisualEffectGraphs":true,"m_FxEnabled":true},"in2DMode":false,"pivot":{"x":-0.31682249903678896,"y":0.7688827514648438,"z":1.0881774425506592},"rotation":{"x":-0.17619237303733827,"y":-0.34106215834617617,"z":0.06522912532091141,"w":-0.9210918545722961},"size":0.8660253882408142,"orthographic":false}