{"cameraMode":{"drawMode":0,"name":"Shaded","section":"Shading Mode"},"sceneLighting":true,"audioPlay":false,"sceneViewState":{"m_AlwaysRefresh":false,"showFog":true,"showSkybox":true,"showFlares":true,"showImageEffects":true,"showParticleSystems":true,"showVisualEffectGraphs":true,"m_FxEnabled":true},"in2DMode":false,"pivot":{"x":-0.07316440343856812,"y":1.2100632190704346,"z":-0.22438248991966248},"rotation":{"x":0.38609200716018679,"y":-0.5102757811546326,"z":0.2744855284690857,"w":0.7178025841712952},"size":0.29320815205574038,"orthographic":false}