{"cameraMode":{"drawMode":0,"name":"Shaded","section":"Shading Mode"},"sceneLighting":true,"audioPlay":false,"sceneViewState":{"m_AlwaysRefresh":false,"showFog":true,"showSkybox":true,"showFlares":true,"showImageEffects":true,"showParticleSystems":true,"showVisualEffectGraphs":true,"m_FxEnabled":true},"in2DMode":false,"pivot":{"x":0.05052495002746582,"y":1.4489247798919678,"z":0.030129415914416314},"rotation":{"x":0.13538885116577149,"y":-0.6854885220527649,"z":0.13178646564483643,"w":0.7031709551811218},"size":0.5491540431976318,"orthographic":false}