{"cameraMode":{"drawMode":0,"name":"Shaded","section":"Shading Mode"},"sceneLighting":true,"audioPlay":false,"sceneViewState":{"m_AlwaysRefresh":false,"showFog":true,"showSkybox":true,"showFlares":true,"showImageEffects":true,"showParticleSystems":true,"showVisualEffectGraphs":true,"m_FxEnabled":true},"in2DMode":false,"pivot":{"x":-0.29010212421417239,"y":1.7599272727966309,"z":0.2600400149822235},"rotation":{"x":-0.10379965603351593,"y":-0.5621103048324585,"z":0.07138004153966904,"w":-0.8174128532409668},"size":1.347312569618225,"orthographic":false}