{"cameraMode":{"drawMode":0,"name":"Shaded","section":"Shading Mode"},"sceneLighting":true,"audioPlay":false,"sceneViewState":{"m_AlwaysRefresh":false,"showFog":true,"showSkybox":true,"showFlares":true,"showImageEffects":true,"showParticleSystems":true,"showVisualEffectGraphs":true,"m_FxEnabled":true},"in2DMode":false,"pivot":{"x":-1.635555624961853,"y":1.6931020021438599,"z":-0.10810762643814087},"rotation":{"x":-0.24249912798404694,"y":-0.28426846861839297,"z":0.07455864548683167,"w":-0.9246004223823547},"size":0.357001394033432,"orthographic":false}